DSID,DSName,VelID,VelName,Vs30,Z_max,Lat,Lon,X,Y,param_vs0_mean,param_k_mean,param_n_mean,param_vs0_med,param_k_med,param_n_med,param_vs0_std,param_k_std,param_n_std,param_vs0_prc0.16,param_k_prc0.16,param_n_prc0.16,param_vs0_prc0.84,param_k_prc0.84,param_n_prc0.84,sigma_vel_mean,sigma_vel_med,sigma_vel_std,sigma_vel_prc0.16,sigma_vel_prc0.84
1,Shi_Asimaki_2018,1,101.280,216.2914787489389,89.5,37.3411,-121.8503,601.8388425292097,4133.332593563509,122.63876455127341,0.14914602120495268,1.5000129684666668,122.67,0.148921,1.49922,0.015195075850601408,0.08928915006681623,0.04361122527774344,120.8,0.136447,1.45657,124.50716000000001,0.162961,1.54341,0.37599550483333344,0.375946,0.004522184821181218,0.371506,0.380491
1,Shi_Asimaki_2018,2,1042,172.12053556234724,30.488,37.528,-122.262,565.2079787538947,4153.703567394704,95.43294858335196,0.1279299082029436,1.3054446668000002,95.4587,0.127687,1.30425,0.016988164738949863,0.08765566332587481,0.0370318913647629,93.8353,0.117248,1.26852,97.0588,0.13959,1.34228,0.37599550483333344,0.375946,0.004522184821181218,0.371506,0.380491
1,Shi_Asimaki_2018,3,1080,118.43134223562076,46.037,37.604,-122.375,555.1673682104371,4162.063086562607,63.81270650575212,0.111766405653397,1.1336792283999997,63.8388,0.1114885,1.13226,0.020777025458024463,0.08373590513562577,0.02418133243573215,62.5074,0.102855,1.1097,65.1433,0.12147,1.15758,0.37599550483333344,0.375946,0.004522184821181218,0.371506,0.380491
1,Shi_Asimaki_2018,4,1143,227.5551685507143,30.793,37.33,-121.891,598.2480284149985,4132.057993423939,129.67770784262436,0.15598444182366436,1.5567704004000003,129.712,0.1557535,1.55605,0.01499006537328656,0.08965684588694249,0.04462629826988388,127.762,0.142656,1.51233,131.628,0.170501,1.60119,0.37599550483333344,0.375946,0.004522184821181218,0.371506,0.380491
1,Shi_Asimaki_2018,5,829,239.89551789808465,35.0,37.5511,-122.051,583.8259798529695,4156.433658008225,137.41257824622843,0.1642438951585159,1.6220492836666667,137.447,0.164021,1.62138,0.014891315477881448,0.09014660225658185,0.045457985497427474,135.396,0.15015,1.57681,139.466,0.17960616,1.66734,0.37599550483333344,0.375946,0.004522184821181218,0.371506,0.380491
1,Shi_Asimaki_2018,6,875,173.86564601844134,41.6,38.124,-121.578,624.6403601250597,4220.528211899397,96.49109152070156,0.1286169606982587,1.3122451134000004,96.5166,0.128376,1.31105,0.016890300722903828,0.08774172630386842,0.03736994348623808,94.885,0.117867,1.27498,98.1256,0.140349,1.34943,0.37599550483333344,0.375946,0.004522184821181218,0.371506,0.380491
1,Shi_Asimaki_2018,7,876,120.27942078934608,41.6,38.031,-121.743,610.3169221173616,4210.000144840778,64.868459933851,0.11217895713244888,1.1383729343666664,64.8941,0.111899,1.13695,0.02062824818222531,0.08390872343581866,0.024681420509381345,63.5506,0.103217,1.11389,66.2119,0.121936,1.16277,0.37599550483333344,0.375946,0.004522184821181218,0.371506,0.380491
1,Shi_Asimaki_2018,8,877,155.40517338390077,81.2,38.093,-121.883,597.9471345004341,4216.722713886046,85.3867195224559,0.12190329536742607,1.2441451246333333,85.4123,0.12164849999999999,1.242835,0.01801996722135805,0.08670012746022265,0.03349970698458405,83.8692,0.111833,1.21079,86.9309,0.132885,1.27743,0.37599550483333344,0.375946,0.004522184821181218,0.371506,0.380491
1,Shi_Asimaki_2018,9,878,198.25083936970668,49.2,37.958,-121.529,629.2269826971437,4202.17552207125,111.43387731623318,0.13946837332923379,1.415005256266666,111.462,0.139251,1.41405,0.015745638026060646,0.08872186952684764,0.041430349875776526,109.702,0.12768584,1.37373,113.194,0.152315,1.45622,0.37599550483333344,0.375946,0.004522184821181218,0.371506,0.380491
1,Shi_Asimaki_2018,10,879,172.32732233560156,96.5,37.857,-121.572,625.6208898958804,4190.909880316456,95.55824624568214,0.12801072981693706,1.3062465577,95.584,0.127767,1.30505,0.016976464842279614,0.0876659858767454,0.03707227336075349,93.959284,0.11732,1.26928,97.185016,0.13968,1.34312,0.37599550483333344,0.375946,0.004522184821181218,0.371506,0.380491
1,Shi_Asimaki_2018,11,880,360.7313406627293,42.2,37.783,-121.617,621.7836050955035,4182.639469683892,212.09703870332066,0.3034712163203136,2.3956167184666666,212.149,0.30316,2.395385,0.01967018275252737,0.11683651229529886,0.05283508801437896,207.987,0.27014,2.34291,216.282,0.340829,2.44826,0.37599550483333344,0.375946,0.004522184821181218,0.371506,0.380491
1,Shi_Asimaki_2018,12,889,385.8727148941916,23.3,37.6978,-121.6834,616.0693031154793,4173.101725219894,227.02831852993324,0.35070056065596455,2.5770767122333336,227.081,0.350383,2.5769,0.021464607205485087,0.12997093342605176,0.05896015506754238,222.231,0.30822284,2.51817,231.924,0.399038,2.63574,0.37599550483333344,0.375946,0.004522184821181218,0.371506,0.380491
1,Shi_Asimaki_2018,13,897,238.92651160118305,91.81,37.98,-122.353,556.8205911272879,4203.793413333226,136.80464010295037,0.16356488382224724,1.6168096493,136.839,0.163341,1.61614,0.014894299090336844,0.09010310285642636,0.04540250145836084,134.798,0.149526,1.57162,138.85,0.17885716,1.66203,0.37599550483333344,0.375946,0.004522184821181218,0.371506,0.380491
1,Shi_Asimaki_2018,14,898,241.21792149655985,90.95,37.979,-122.355,556.6457147249561,4203.681241175716,138.2423399494087,0.16517915978161288,1.6292304911999995,138.277,0.164954,1.62855,0.014888541161403594,0.09020766690363471,0.04553117285355571,136.214,0.150994,1.58393,140.308,0.180635,1.67459,0.37599550483333344,0.375946,0.004522184821181218,0.371506,0.380491
1,Shi_Asimaki_2018,15,899,271.66234036172824,90.95,37.978,-122.357,556.470833554795,4203.569072831866,157.3438080408795,0.1896624626557684,1.8038672246999996,157.383,0.18943549999999998,1.80335,0.01522988308004112,0.09241116411296126,0.04656801755072842,154.981,0.17300884,1.75754,159.744,0.207851,1.85037,0.37599550483333344,0.375946,0.004522184821181218,0.371506,0.380491
1,Shi_Asimaki_2018,16,908,389.8252011911845,49.2,37.8123,-122.3616,556.1926643115651,4185.181578797135,229.3519181461186,0.358871301656286,2.6059417396666666,229.404,0.358528,2.60577,0.021756843900276723,0.1322663016713216,0.060153579193710595,224.439,0.31468484,2.54581,234.366,0.40928016,2.66576,0.37599550483333344,0.375946,0.004522184821181218,0.371506,0.380491
1,Shi_Asimaki_2018,17,909,893.6042117302522,34.7,37.8133,-122.3601,556.3239375993797,4185.293432089372,497.19869666823973,4.432429438197808,5.693415262733333,497.0085,4.36979,5.67891,0.04560738308615932,0.5079101663292588,0.35926304413418353,475.13384,2.6804384,5.3392484,520.2731600000001,7.3218132,6.04847,0.37599550483333344,0.375946,0.004522184821181218,0.371506,0.380491
1,Shi_Asimaki_2018,18,910,432.0804672146859,48.9,37.8129,-122.361,556.2450223240218,4185.248509909694,253.79782448412487,0.4605073170427767,2.9179765713333343,253.85,0.46005,2.91767,0.024961265645331764,0.1600727698118013,0.07643185597112094,247.567,0.39282984,2.84182,260.187,0.5399621600000001,2.99382,0.37599550483333344,0.375946,0.004522184821181218,0.371506,0.380491
1,Shi_Asimaki_2018,19,911,1824.4425061285065,51.7,37.8125,-122.3591,556.412567155453,4185.205275056724,971.314429887934,21.925991626442187,7.472805217066665,970.373,21.0014,7.42218,0.052295576958007975,0.8127870980948266,0.7223507982369701,921.997,9.8734208,6.7649784,1023.0116,48.66802000000001,8.17983,0.37599550483333344,0.375946,0.004522184821181218,0.371506,0.380491
1,Shi_Asimaki_2018,20,912,802.4163740544855,65.4,37.814,-122.3588,556.4378317762236,4185.371881634211,450.41563171981,3.1597077599805217,5.288114351,450.305,3.125325,5.27723,0.04371544640606643,0.45069045623995363,0.30391749021833675,431.207,2.0215868,4.9887968,470.45,4.9356016,5.58939,0.37599550483333344,0.375946,0.004522184821181218,0.371506,0.380491
1,Shi_Asimaki_2018,21,913,340.411758359244,60.6,37.8166,-122.3627,556.0925864501992,4185.658004190103,199.84179512511255,0.27078983114467337,2.2524625411666666,199.886,0.2705,2.25208,0.01833652409494744,0.10822997791086703,0.049697439417154606,196.233,0.243122,2.20297,203.514,0.30152,2.30201,0.37599550483333344,0.375946,0.004522184821181218,0.371506,0.380491
1,Shi_Asimaki_2018,22,935,216.9385194479297,33.18,37.8033,-122.4417,549.1480797851683,4184.137888302747,123.04237679570741,0.1495216239462843,1.5031982961333334,123.073,0.149293,1.5024,0.015180353988403193,0.08930926005121141,0.04367654884059955,121.199,0.136789,1.4597084,124.915,0.163373,1.54667,0.37599550483333344,0.375946,0.004522184821181218,0.371506,0.380491
1,Shi_Asimaki_2018,23,944,317.87346823094003,61.4,37.8258,-122.2669,564.5166163963995,4186.740583988538,186.06540191737727,0.2395999004589939,2.0985120098,186.111,0.239334,2.09803,0.01703579354049094,0.1008891533860127,0.04780271996729377,182.943,0.21671984,2.05095,189.237,0.264847,2.1461816000000002,0.37599550483333344,0.375946,0.004522184821181218,0.371506,0.380491
1,Shi_Asimaki_2018,24,945,287.5144489870996,61.4,37.8297,-122.2656,564.6276230323592,4187.174191867923,167.25255201906657,0.2048884260232271,1.9013043856666665,167.293,0.204645,1.90083,0.015693687245906578,0.09445318606058026,0.04684551457652255,164.666,0.186518,1.85466,169.885,0.225039,1.94817,0.37599550483333344,0.375946,0.004522184821181218,0.371506,0.380491
1,Shi_Asimaki_2018,25,946,264.3449761629772,81.2,37.8253,-122.2658,564.6138594233817,4186.685868685519,152.75745487465414,0.1832341498907124,1.7603285415000003,152.796,0.182992,1.75974,0.015079058722807301,0.09170774208086868,0.04640785527746997,150.488,0.16726984,1.71423,155.066,0.20065716,1.80668,0.37599550483333344,0.375946,0.004522184821181218,0.371506,0.380491
1,Shi_Asimaki_2018,26,947,240.4678524808594,151.0,37.8258,-122.2684,564.384606789332,4186.7395491513,137.77168466608242,0.16464745103212994,1.625152969666667,137.806,0.164425,1.62448,0.014889926542303285,0.09017278388634728,0.04549000634441274,135.75084,0.15051684,1.57989,139.83,0.18004915999999999,1.67048,0.37599550483333344,0.375946,0.004522184821181218,0.371506,0.380491
1,Shi_Asimaki_2018,27,948,295.28026549861335,81.2,37.2389,-122.2683,564.9000166647296,4121.625640088739,172.08838432069365,0.21303964350969581,1.9504970777666666,172.131,0.212803,1.95005,0.01598428426798806,0.0957564651318637,0.04699643334268377,169.378,0.19367484000000001,1.90376,174.847,0.234311,1.99737,0.37599550483333344,0.375946,0.004522184821181218,0.371506,0.380491
1,Shi_Asimaki_2018,28,949,141.72696454361594,61.0,37.8224,-122.3197,559.8726315931519,4186.32820127705,77.29643510156102,0.11767140381203078,1.1992196761333334,77.3219,0.117405,1.19785,0.018976163537203435,0.08573460414920449,0.03025456720223565,75.8489,0.108057,1.16914,78.7703,0.128135,1.22924,0.37599550483333344,0.375946,0.004522184821181218,0.371506,0.380491
1,Shi_Asimaki_2018,29,950,518.8851253207366,36.0,37.8081,-122.3661,555.7997260661446,4184.712891646169,302.03032200526684,0.7695889453683976,3.557529853633335,302.082,0.7681525,3.55613,0.031300932674803016,0.22892044513315774,0.12346975909821929,292.752,0.612635,3.4352,311.585,0.96612064,3.68002,0.37599550483333344,0.375946,0.004522184821181218,0.371506,0.380491
1,Shi_Asimaki_2018,30,951,1260.7346288076412,54.0,37.8085,-122.3658,555.8258330063705,4184.757450865861,684.8517369484608,11.148205089305375,6.7611989298,684.304,10.84125,6.73152,0.04947444102625833,0.6750519824154179,0.5466668502868975,651.963,5.7356768,6.2231484,719.3251600000001,21.692360000000004,7.2999816,0.37599550483333344,0.375946,0.004522184821181218,0.371506,0.380491
1,Shi_Asimaki_2018,31,952,220.49343570125265,57.0,37.807,-122.367,555.7213283786339,4184.590309534346,125.26160452630529,0.15162213027838975,1.5208634753333332,125.293,0.15139350000000001,1.5201,0.015105872038081319,0.08942131036807997,0.04401999495849446,123.395,0.13868684,1.47704,127.159,0.165692,1.56467,0.37599550483333344,0.375946,0.004522184821181218,0.371506,0.380491
1,Shi_Asimaki_2018,32,953,366.0192098207716,49.0,37.787,-122.3875,553.9312882280129,4182.359288874404,215.25908072329858,0.31275182257824835,2.4334312871666666,215.31,0.3124075,2.43324,0.020036497764170033,0.11937867687601335,0.05391170032486817,211.012,0.27770784,2.37961,219.589,0.352166,2.48714,0.37599550483333344,0.375946,0.004522184821181218,0.371506,0.380491
1,Shi_Asimaki_2018,33,954,491.9743818758139,38.0,37.7881,-122.3878,553.9040735908903,4182.481160507483,287.3241302191773,0.6572861281523467,3.361541572466667,287.371,0.656316,3.36057,0.029429027256742752,0.2065887297259872,0.10760615325105687,279.02,0.535183,3.25465,295.859,0.807246,3.46822,0.37599550483333344,0.375946,0.004522184821181218,0.371506,0.380491
1,Shi_Asimaki_2018,34,AGNWE,262.8453088715058,29.8,37.4109,-121.9257,595.0716449047346,4140.997952122348,151.81683196767045,0.18196111873841697,1.751523104266667,151.855,0.181719,1.75092,0.01505334775647382,0.09157955197578915,0.046369952749863545,149.566,0.166132,1.70544,154.108,0.19924916,1.79781,0.37599550483333344,0.375946,0.004522184821181218,0.371506,0.380491
1,Shi_Asimaki_2018,35,ALV,234.0679245853525,29.7,37.432,-121.9683,591.2759719817464,4143.296812231201,133.75768560679117,0.1602396566625443,1.5908277971666664,133.791,0.160012,1.59012,0.014921516495979907,0.08989930896172624,0.0450997242196475,131.792,0.14651484,1.54594,135.76,0.175192,1.63572,0.37599550483333344,0.375946,0.004522184821181218,0.371506,0.380491
1,Shi_Asimaki_2018,36,AND,488.3380572875549,36.2,37.1641,-121.6315,621.5047276160309,4113.953449945215,285.3215860648634,0.6433246723440254,3.3348326022999997,285.37,0.64239,3.33391,0.029168048653707618,0.20361640929557281,0.10552970514719859,277.147,0.525379,3.22995,293.719,0.7877398,3.4394816,0.37599550483333344,0.375946,0.004522184821181218,0.371506,0.380491
1,Shi_Asimaki_2018,37,ANS,189.99233951372915,140.0,37.7865,-122.307,561.0198934952062,4182.3532957364805,106.34302690646452,0.13552200743653015,1.3786065433000005,106.37,0.135295,1.37757,0.01608449582929351,0.08843026437393268,0.04019706754361834,104.654,0.124101,1.33854,108.058,0.147976,1.4186,0.37599550483333344,0.375946,0.004522184821181218,0.371506,0.380491
1,Shi_Asimaki_2018,38,AP1,112.84170679372389,185.0,37.5462,-122.231,567.9305962671017,4155.744727837436,60.63413832763198,0.11057402597782214,1.1200116188333336,60.6615,0.110295,1.1186,0.02123125196503367,0.08320078656992386,0.02265627910741234,59.3677,0.101814,1.09756,61.926216000000004,0.120107,1.1424,0.37599550483333344,0.375946,0.004522184821181218,0.371506,0.380491
1,Shi_Asimaki_2018,39,AP2,133.06631269301496,70.0,37.5288,-122.2554,565.7904453817607,4153.796920248385,72.2392280562705,0.11529282629559602,1.1732358005000003,72.2656,0.115023,1.17183,0.019624277577759197,0.08504009792239632,0.02806374747961554,70.8426,0.105948,1.14536,73.663,0.125466,1.20108,0.37599550483333344,0.375946,0.004522184821181218,0.371506,0.380491
1,Shi_Asimaki_2018,40,AUS,130.465811070922,27.5,37.5678,-122.2575,565.5707192752723,4158.122346227623,70.73089681728618,0.11462196019223321,1.165807484933333,70.7573,0.114347,1.16439,0.01982435232890303,0.0848197529082907,0.02738862084021333,69.349684,0.10535984,1.13861,72.1394,0.124714,1.19297,0.37599550483333344,0.375946,0.004522184821181218,0.371506,0.380491
1,Shi_Asimaki_2018,41,AVA,290.7833754836816,29.3,37.6806,-122.4908,544.8997524967475,4170.499848491396,169.28983356569697,0.2082619028570547,1.9218994058999996,169.331,0.208024,1.92143,0.01581119929481681,0.09497545695937752,0.04690521337202203,166.652,0.189485,1.8752,171.975,0.22886016,1.96875,0.37599550483333344,0.375946,0.004522184821181218,0.371506,0.380491
1,Shi_Asimaki_2018,42,BCS,172.37633316079726,87.5,37.7772,-122.4055,552.3532663955974,4181.261754732381,95.58794665482574,0.12802990729819405,1.3064367708,95.6137,0.127785,1.30524,0.01697369428660499,0.08766842965091255,0.0370818298007153,93.9887,0.117338,1.26946,97.215016,0.139702,1.34332,0.37599550483333344,0.375946,0.004522184821181218,0.371506,0.380491
1,Shi_Asimaki_2018,43,BLF,450.4596121775696,25.0,37.3183,-122.0606,583.2354144678197,4130.597063985088,264.21591228439496,0.5137403469634448,3.0545639448333337,264.264,0.513153,3.05409,0.026361301517649673,0.1736755077815529,0.08519823623072018,257.378,0.432349,2.96983,271.242,0.610536,3.13908,0.37599550483333344,0.375946,0.004522184821181218,0.371506,0.380491
1,Shi_Asimaki_2018,44,BMT,529.3304779971108,29.3,37.3186,-122.1556,574.8174822298621,4130.550901926436,307.6887083903035,0.8176342947054421,3.632658515433333,307.7375,0.81585,3.63112,0.03199660655939686,0.2376990771506514,0.12982097961851935,298.033,0.64537384,3.50403,317.64116,1.03539,3.76137,0.37599550483333344,0.375946,0.004522184821181218,0.371506,0.380491
1,Shi_Asimaki_2018,45,BPB,126.330632915609,90.0,37.5558,-122.2467,566.535160734818,4156.79858182745,68.34221017039422,0.11359517665767181,1.1543510495333336,68.3682,0.113318,1.15294,0.020147078932605204,0.08445880875069992,0.02630078733774328,66.9861,0.104459,1.12825,69.7248,0.123549,1.18041,0.37599550483333344,0.375946,0.004522184821181218,0.371506,0.380491
1,Shi_Asimaki_2018,46,BWP,130.6536782794667,29.6,37.5286,-122.2525,566.0468601259826,4153.776763690988,70.83970387494877,0.11466976991762957,1.1663383501666666,70.866,0.114393,1.16492,0.019809822815367473,0.0848358423947241,0.02743764684942787,69.4573,0.1054,1.1391,72.2493,0.124766,1.19355,0.37599550483333344,0.375946,0.004522184821181218,0.371506,0.380491
1,Shi_Asimaki_2018,47,CLD,294.6136337490795,29.5,37.1176,-121.5506,628.766798506198,4108.901210755589,171.67382828741262,0.21232121188701114,1.9462385384999998,171.716,0.212082,1.9458,0.01595780230226753,0.09563599460971864,0.046982073106896734,168.973,0.193051,1.8995,174.422,0.23348916,1.99311,0.37599550483333344,0.375946,0.004522184821181218,0.371506,0.380491
1,Shi_Asimaki_2018,48,CMS,288.4495672860414,27.0,37.7764,-122.4042,552.4683143521244,4181.17372373597,167.83558282736522,0.20584500785764243,1.9071789495999998,167.875,0.205602,1.90669,0.015726580604232702,0.09459878425923035,0.04686216851224606,165.234,0.187354,1.86051,170.482,0.226121,1.9540316,0.37599550483333344,0.375946,0.004522184821181218,0.371506,0.380491
1,Shi_Asimaki_2018,49,COL,275.41256646398085,21.5,37.7722,-122.5033,543.7436219689384,4180.656767945217,159.6917708054993,0.19310022653447415,1.8265419200666664,159.732,0.192874,1.82603,0.01532309708239154,0.09282616172419929,0.04663811201404364,157.278,0.176067,1.78014,162.143,0.211716,1.87312,0.37599550483333344,0.375946,0.004522184821181218,0.371506,0.380491
1,Shi_Asimaki_2018,50,COY,232.8859327704317,184.5,37.3367,-121.8688,600.2059271175032,4132.8246459617785,133.01679882947593,0.15945040770548788,1.5845806859333336,133.051,0.159222,1.58387,0.01493123156469158,0.0898529740544135,0.04501967465177704,131.062,0.145802,1.5397783999999999,135.009,0.174328,1.62941,0.37599550483333344,0.375946,0.004522184821181218,0.371506,0.380491
1,Shi_Asimaki_2018,51,COZ,267.66548317738096,30.5,37.4842,-122.3886,554.0533448409777,4148.763957927769,154.83940289416182,0.1861061738644519,1.7799687007333331,154.878,0.185876,1.77941,0.015142329209603055,0.09201036925754605,0.04648516953528137,152.529,0.169837,1.73375,157.188,0.203871,1.82639,0.37599550483333344,0.375946,0.004522184821181218,0.371506,0.380491
1,Shi_Asimaki_2018,52,CRD,513.7056849912433,30.0,37.4486,-122.2522,566.1438725483066,4144.901382281867,299.2146791492264,0.7467100641175202,3.5200649935999992,299.264,0.7453985000000001,3.51884,0.0309493046903847,0.224585370635044,0.1203563489170013,290.125,0.59701768,3.4007584,308.572,0.9333819600000001,3.63945,0.37599550483333344,0.375946,0.004522184821181218,0.371506,0.380491
1,Shi_Asimaki_2018,53,CSH,520.794446901956,25.6,37.6569,-122.0603,582.8869979326869,4168.163751066375,303.066586239814,0.778179579310262,3.5713063191333334,303.118,0.7766554999999999,3.569885,0.0314294546247379,0.23052181687794807,0.12462374229339392,293.721,0.618485,3.44779,312.696,0.9784268,3.69494,0.37599550483333344,0.375946,0.004522184821181218,0.371506,0.380491
1,Shi_Asimaki_2018,54,CSM,634.5326674346101,29.5,37.5383,-122.3333,558.8998959127551,4154.799257922541,363.5323990558827,1.459119001476039,4.3475539771000005,363.551,1.45213,4.34338,0.0379149094387196,0.3257062811158177,0.19673276465127096,350.06,1.0565883999999999,4.1529784,377.502,2.01605,4.5427,0.37599550483333344,0.375946,0.004522184821181218,0.371506,0.380491
1,Shi_Asimaki_2018,55,CTM,379.7350395940856,30.3,37.3592,-122.2169,569.3486018764003,4135.008392139631,223.40728204439316,0.3384274422538632,2.5324150462,223.458,0.3380875,2.53222,0.021015418069205045,0.1265257608850524,0.0572297346936332,218.785,0.298435,2.47528,228.123,0.383767,2.5894,0.37599550483333344,0.375946,0.004522184821181218,0.371506,0.380491
1,Shi_Asimaki_2018,56,CVR,476.9511902905178,57.1,37.4529,-121.8067,605.544097668845,4145.784382340977,279.02522155643476,0.6013861343360787,3.25092098,279.071,0.6005385000000001,3.25027,0.02833997961855968,0.1944026176193675,0.09915242633850642,271.259,0.49573584,3.15237,287.001,0.72961716,3.34932,0.37599550483333344,0.375946,0.004522184821181218,0.371506,0.380491
1,Shi_Asimaki_2018,57,DIG,387.2084646593814,30.0,37.4981,-122.4244,550.8788395111405,4150.286126592528,227.81430545285818,0.3534381588286772,2.586822989666667,227.868,0.353123,2.58666,0.02156312936686083,0.1307400475068915,0.0593565983700239,222.978,0.310394,2.5275184,232.75,0.402456,2.6458616,0.37599550483333344,0.375946,0.004522184821181218,0.371506,0.380491
1,Shi_Asimaki_2018,58,ELG,858.57412139013,30.0,37.5231,-122.4547,548.1844449519995,4153.043781955762,479.2427399477919,3.9167938828541162,5.545916727566667,479.085,3.86641,5.532735000000001,0.044955122543687116,0.4868026451161475,0.3383305133087616,458.25,2.4181668,5.21261,501.167,6.3393132,5.88068,0.37599550483333344,0.375946,0.004522184821181218,0.371506,0.380491
1,Shi_Asimaki_2018,59,EMB,168.6491788788341,80.0,37.7957,-122.3941,553.3438902704963,4183.32076502356,93.33311361139651,0.12659664204214868,1.2921410644333333,93.3586,0.1263535,1.29091,0.017188637437192174,0.0874770215102548,0.0363415509136543,91.7522,0.116053,1.25592,94.9422,0.13811,1.32828,0.37599550483333344,0.375946,0.004522184821181218,0.371506,0.380491
1,Shi_Asimaki_2018,60,FHP,560.1449727208574,29.0,37.3506,-122.1744,573.1206633473847,4134.0863467689815,324.24082061379977,0.9748872732647028,3.850504783733333,324.287,0.972291,3.84826,0.033938299146851945,0.2637317522436933,0.14900222095903404,313.45784000000003,0.75003768,3.70275,335.37,1.2669316,3.99832,0.37599550483333344,0.375946,0.004522184821181218,0.371506,0.380491
1,Shi_Asimaki_2018,61,FMT,284.40988383191024,45.0,37.5353,-121.93,594.5342685037002,4154.795458447047,165.31558265779572,0.20176049159976772,1.8818994592666665,165.356,0.201526,1.88145,0.015588767939190992,0.09399110160638877,0.04679191550594428,162.775,0.18375884,1.83532,167.899,0.221492,1.9287,0.37599550483333344,0.375946,0.004522184821181218,0.371506,0.380491
1,Shi_Asimaki_2018,62,FRC,471.5298752639357,29.2,37.4939,-122.4339,550.04190413062,4149.815068718741,276.01340427562036,0.5823443895833367,3.2108447701666667,276.062,0.5816015,3.2102,0.0279404292312868,0.19007270388542594,0.09618914147500354,268.44,0.482094,3.11524,283.791,0.7035751200000001,3.3063,0.37599550483333344,0.375946,0.004522184821181218,0.371506,0.380491
1,Shi_Asimaki_2018,63,HAM,105.8629425567646,25.4,38.0602,-122.4934,544.4418827837833,4212.615495163711,56.696244368419016,0.10919902582286624,1.1040594720999994,56.7239,0.1089225,1.10266,0.02180499851916672,0.08250975944998862,0.02073354546797626,55.4807,0.10061784,1.08353,57.9373,0.118522,1.12452,0.37599550483333344,0.375946,0.004522184821181218,0.371506,0.380491
1,Shi_Asimaki_2018,64,HBT,346.43005076088656,29.6,37.5156,-122.4972,544.4334305932607,4152.190779164438,203.48856331251807,0.27999399335507646,2.2944757168333334,203.535,0.2796955,2.29413,0.018717858687098705,0.11058352124603661,0.05046869357964555,199.737,0.25078468,2.24419,207.31,0.31250716,2.34473,0.37599550483333344,0.375946,0.004522184821181218,0.371506,0.380491
1,Shi_Asimaki_2018,65,HCH,734.1326909682533,29.6,37.681,-122.0812,581.0172503095288,4170.819365244041,415.25320407990733,2.3637649534851617,4.936968518266667,415.2,2.34454,4.9296050000000005,0.041799278947785026,0.4028783867334058,0.2608998464784147,398.308,1.5854683999999999,4.67982,432.906,3.52522,5.19553,0.37599550483333344,0.375946,0.004522184821181218,0.371506,0.380491
1,Shi_Asimaki_2018,66,HLR3,234.0978605810626,120.0,37.4782,-122.1478,575.3486428437961,4148.263765173575,133.77645152181736,0.16025974520425382,1.5909863958999997,133.81,0.160033,1.59028,0.014921286306931273,0.08990049712431847,0.045101705351241805,131.811,0.146532,1.5461,135.779,0.175213,1.63588,0.37599550483333344,0.375946,0.004522184821181218,0.371506,0.380491
1,Shi_Asimaki_2018,67,HVW,369.30061337473626,26.6,37.6917,-122.495,544.5227705455741,4171.729359340029,217.2155340677309,0.3186806769051322,2.456999344866667,217.266,0.318312,2.4568,0.020267148308714556,0.1210169276004939,0.05463622931001636,212.884,0.282524,2.40239,221.638,0.35943716000000003,2.51146,0.37599550483333344,0.375946,0.004522184821181218,0.371506,0.380491
1,Shi_Asimaki_2018,68,HWS,193.4504376997153,27.5,37.61,-122.09,580.3176957376218,4162.934417607102,108.47133377030563,0.1371392578755588,1.3936516892666666,108.499,0.13691550000000002,1.39266,0.015936236568155605,0.08855637982222109,0.04073145741492495,106.765,0.125571,1.35306,110.204,0.14975,1.43417,0.37599550483333344,0.375946,0.004522184821181218,0.371506,0.380491
1,Shi_Asimaki_2018,69,JMS,274.61031532192465,29.4,37.6567,-122.084,580.7966908231493,4168.120876903539,159.18966444889008,0.192356481514727,1.8216711823666667,159.23,0.19213249999999998,1.82116,0.01530226761118643,0.09273408009514576,0.04662361441743089,156.787,0.17541284000000001,1.77528,161.63,0.210877,1.86825,0.37599550483333344,0.375946,0.004522184821181218,0.371506,0.380491
1,Shi_Asimaki_2018,70,KGEI,114.6780862200554,28.8,37.5439,-122.235,567.5793220216804,4155.486669142196,61.675983300208,0.11095667429578229,1.124414303,61.703,0.110681,1.12299,0.02108138875112287,0.08337855824666125,0.023159156262161574,60.3965,0.102148,1.10146,62.9812,0.120545,1.14731,0.37599550483333344,0.375946,0.004522184821181218,0.371506,0.380491
1,Shi_Asimaki_2018,71,LFY,169.67486054423384,38.6,37.9447,-122.5105,543.0091734029844,4199.792371276086,93.95284728625121,0.1269859941899978,1.2960408045333331,93.9787,0.126742,1.29482,0.017128611812023395,0.08753084436552144,0.036547972834869824,92.3675,0.116401,1.25962,95.5673,0.138545,1.3323816,0.37599550483333344,0.375946,0.004522184821181218,0.371506,0.380491
1,Shi_Asimaki_2018,72,LMC,460.06086792293615,29.3,37.695,-122.4733,546.4338827279703,4172.106017774787,269.610368938186,0.5439592428441742,3.125858028400001,269.661,0.543267,3.12534,0.027085451100460633,0.18105459140992408,0.09009530660741703,262.44,0.45445484,3.03628,276.97116,0.65125716,3.2152,0.37599550483333344,0.375946,0.004522184821181218,0.371506,0.380491
1,Shi_Asimaki_2018,73,LVI,196.9481537965248,42.5,37.802,-122.399,552.9079927541492,4184.016964176823,110.62903766224706,0.13882651163129375,1.4091569804666664,110.657,0.138609,1.408185,0.01579559037901081,0.08867794750465176,0.04124563928335795,108.905,0.127103,1.36805,112.382,0.151606,1.45019,0.37599550483333344,0.375946,0.004522184821181218,0.371506,0.380491
1,Shi_Asimaki_2018,74,LWD,218.7671785839073,25.0,37.568,-122.0664,582.4470273315494,4158.295050227191,124.18359646231998,0.15059429028075366,1.5122506109999996,124.215,0.150364,1.51147,0.015140687936160779,0.08936652742377112,0.043856480914733355,122.327,0.137757,1.46861,126.069,0.16456216,1.55589,0.37599550483333344,0.375946,0.004522184821181218,0.371506,0.380491
1,Shi_Asimaki_2018,75,MAR,483.7244414389032,28.3,37.3306,-122.0825,581.2816723631094,4131.942599838981,282.77522582647794,0.6260103634547194,3.3008815107666676,282.823,0.625138,3.30007,0.02883446347254051,0.1998652020133214,0.10292213467268427,274.766,0.513185,3.19851,291.004,0.76363448,3.40297,0.37599550483333344,0.375946,0.004522184821181218,0.371506,0.380491
1,Shi_Asimaki_2018,76,MCP,249.1058691985949,30.0,37.4197,-122.11,578.7521669237108,4141.804391198311,143.19347270993816,0.17096906055107333,1.6727899723333337,143.229,0.170736,1.67213,0.014903157550371613,0.09061843295743228,0.04591013268335701,141.091,0.156229,1.62711,145.33316,0.187034,1.71853,0.37599550483333344,0.375946,0.004522184821181218,0.371506,0.380491
1,Shi_Asimaki_2018,77,MEC,787.1021649984567,28.7,37.7875,-122.1639,573.6193190280663,4182.567275205228,442.54249471599934,2.9689884656183065,5.213041202966666,442.449,2.939215,5.20293,0.043328785673299154,0.44034300710292384,0.29437043077651026,423.83484,1.9187984,4.92329,462.051,4.5908748,5.5048716,0.37599550483333344,0.375946,0.004522184821181218,0.371506,0.380491
1,Shi_Asimaki_2018,78,MES,307.005895498754,28.0,37.8086,-122.2786,563.5016749934799,4184.824214237423,179.3609904909505,0.22627438237491534,2.026449672833333,179.406,0.226012,2.02601,0.01649421213189802,0.09815740695374188,0.047321156483123815,176.447,0.20520684,1.97939,182.324,0.24945116,2.07363,0.37599550483333344,0.375946,0.004522184821181218,0.371506,0.380491
1,Shi_Asimaki_2018,79,MGS,299.6757798776422,30.0,37.3408,-121.9828,590.1021830758342,4133.164671728428,174.81898405844748,0.21786690882157372,1.9787395916666666,174.861,0.217629,1.978325,0.01616579679989938,0.09659303659563523,0.04710053761652868,172.035,0.1979,1.93194,177.652,0.239796,2.02573,0.37599550483333344,0.375946,0.004522184821181218,0.371506,0.380491
1,Shi_Asimaki_2018,80,MLS,454.5999485541683,29.3,37.3014,-122.01,587.7385756443277,4128.767888377237,266.54607122082166,0.5265623724733686,3.085319690933334,266.596,0.5259305,3.08485,0.02667438076277401,0.17683689726954374,0.08728555819856751,259.565,0.441748,2.9984984,273.716,0.62773548,3.17186,0.37599550483333344,0.375946,0.004522184821181218,0.371506,0.380491
1,Shi_Asimaki_2018,81,MPK,730.5153718907784,29.8,37.52,-121.8731,599.5818757134732,4153.156669687678,413.38558890267,2.3255661817032474,4.917171975966667,413.336,2.30685,4.90993,0.041682833986834256,0.4002255177029312,0.2585919575704253,396.565,1.5641036000000001,4.66233,430.91116,3.45911,5.17347,0.37599550483333344,0.375946,0.004522184821181218,0.371506,0.380491
1,Shi_Asimaki_2018,82,MRC,555.9311038336596,29.9,37.58,-121.9247,594.9457946398472,4159.7602113551175,321.9887221106042,0.9519694487691409,3.821078415733333,322.036,0.949579,3.8189349999999997,0.03368282583709944,0.260169201323904,0.1463474086075071,311.357,0.73491968,3.67596,332.954,1.23263,3.9661516,0.37599550483333344,0.375946,0.004522184821181218,0.371506,0.380491
1,Shi_Asimaki_2018,83,NC.CADB,598.4274764280007,29.0,37.1635,-121.6265,621.9496489077538,4113.893301651772,344.5602012741846,1.204745630229402,4.111875524133334,344.594,1.20023,4.10877,0.03611006406148414,0.2959257868387887,0.1734229814112419,332.385,0.89818068,3.94011,357.16016,1.6165216,4.2836816,0.37599550483333344,0.375946,0.004522184821181218,0.371506,0.380491
1,Shi_Asimaki_2018,84,NC.CAL,517.0186609227344,35.0,37.4504,-121.8004,606.1048685572856,4145.51408917282,301.0164498048743,0.7612729968213205,3.544044524766667,301.067,0.7598944999999999,3.5427049999999998,0.03117471761492077,0.22735668140458679,0.12234489557231837,291.806,0.60703284,3.42279,310.501,0.9542398,3.6654116,0.37599550483333344,0.375946,0.004522184821181218,0.371506,0.380491
1,Shi_Asimaki_2018,85,NC.CCOB,417.8984809487505,35.0,37.259,-121.6731,617.6635277768731,4124.429661866571,245.67215881620226,0.42333012574281664,2.812747659533333,245.723,0.4229485,2.8125,0.023876911827746306,0.1501372885977876,0.07030459418436392,239.9,0.36478884,2.74274,251.582,0.49151216000000003,2.88254,0.37599550483333344,0.375946,0.004522184821181218,0.371506,0.380491
1,Shi_Asimaki_2018,86,NC.CHR,461.2857095362468,33.5,37.3729,-121.7689,609.0034230409233,4136.9515826410325,270.2962715205535,0.547938119874318,3.134945107666667,270.347,0.547241,3.13442,0.0271773273720014,0.18200769380852397,0.09073398669540263,263.084,0.457328,3.04476,277.699,0.656693,3.2249216,0.37599550483333344,0.375946,0.004522184821181218,0.371506,0.380491
1,Shi_Asimaki_2018,87,NC.CNI,501.045332842328,28.0,37.6079,-121.9644,591.4061654917894,4162.816304286338,292.30306587314294,0.6933477091527053,3.427953862766668,292.349,0.692242,3.42687,0.030072094193418764,0.21405684970679378,0.11286143212597777,283.668,0.56032184,3.31584,301.181,0.85783228,3.53983,0.37599550483333344,0.375946,0.004522184821181218,0.371506,0.380491
1,Shi_Asimaki_2018,88,NC.CSL,377.4500454462902,26.0,37.7241,-122.1193,577.6126727139458,4175.569049579188,222.05522477185238,0.3339845154112903,2.515842262866666,222.104,0.3336405,2.5156349999999996,0.02084978531955057,0.12528125800195133,0.056624132797375624,217.499,0.294862,2.45934,226.707,0.37826432,2.57225,0.37599550483333344,0.375946,0.004522184821181218,0.371506,0.380491
1,Shi_Asimaki_2018,89,NC.HCAB,653.8441884587318,30.0,37.025368,-121.484535,634.7996674567191,4098.760170176316,373.62047411063804,1.6108780907964517,4.468949855933333,373.623,1.602135,4.46413,0.03878753202533037,0.34129441905331853,0.20923224447900343,359.465,1.14853,4.26212,388.33,2.26044,4.6763716,0.37599550483333344,0.375946,0.004522184821181218,0.371506,0.380491
1,Shi_Asimaki_2018,90,NC.JBNB,753.7452896373081,21.0,37.1204,-122.1552,575.0490434564877,4108.562784737511,425.3693435664607,2.5778858880099897,5.042190423800001,425.299,2.555065,5.03387,0.04240275199037424,0.4170527436395271,0.2733670545962367,407.765,1.70541,4.7728384,443.723,3.8977348000000003,5.31321,0.37599550483333344,0.375946,0.004522184821181218,0.371506,0.380491
1,Shi_Asimaki_2018,91,NC.JFP,434.7105253714212,30.0,37.3605,-122.1899,571.7384318102315,4135.17279191015,255.2962868630432,0.46776655102496945,2.9375171614,255.348,0.467302,2.93714,0.02516229837433326,0.16197237610670284,0.07763253745520031,248.98,0.39829684,2.86017,261.778,0.549482,3.01457,0.37599550483333344,0.375946,0.004522184821181218,0.371506,0.380491
1,Shi_Asimaki_2018,92,NC.JLAB,472.6464639418433,27.0,37.1543,-121.7347,612.356013087056,4112.738950568301,276.6344900390054,0.5862184158255638,3.219104749000001,276.684,0.585457,3.21843,0.028022977080047803,0.19096122255478587,0.09679534048903544,269.02,0.48486868,3.12291,284.451,0.7088428,3.3151516,0.37599550483333344,0.375946,0.004522184821181218,0.371506,0.380491
1,Shi_Asimaki_2018,93,NC.JMBM,581.0783353972224,30.0,37.318607,-122.153145,575.0350030922973,4130.55362501468,335.38122875992843,1.0956565161945502,3.9948058485333333,335.418,1.092085,3.992095,0.035159201900610525,0.28138894645401347,0.16229947134206518,323.834,0.8285102800000002,3.83401,347.317,1.4490516,4.15568,0.37599550483333344,0.375946,0.004522184821181218,0.371506,0.380491
1,Shi_Asimaki_2018,94,NC.JSFB,429.768529827809,38.0,37.4037,-122.176,572.9275186986499,4139.976202401813,252.4784535680447,0.45422204714833786,2.9008042390333335,252.53,0.4537695,2.90052,0.024784473344861294,0.15841701465838917,0.07539240297724714,246.321,0.38808984,2.82569,258.789,0.53175116,2.97566,0.37599550483333344,0.375946,0.004522184821181218,0.371506,0.380491
1,Shi_Asimaki_2018,95,NC.JSGB,374.4133117225387,31.0,37.2839,-122.0503,584.1864055732386,4126.789747288955,220.25501032391114,0.32818381422295206,2.4938659335000004,220.304,0.3278275,2.49366,0.02063113957964384,0.12366010425991839,0.05585193498771217,215.785,0.290185,2.43809,224.821,0.371108,2.5495616,0.37599550483333344,0.375946,0.004522184821181218,0.371506,0.380491
1,Shi_Asimaki_2018,96,NPK,490.303751036577,26.6,37.5553,-122.4675,547.0331571263939,4156.609719181427,286.4045833335509,0.6508371113875521,3.349276447066666,286.451,0.6498705,3.34832,0.029309343634376775,0.20522151563182156,0.10664992538333476,278.16,0.530658,3.24332,294.87615999999997,0.79823732,3.45498,0.37599550483333344,0.375946,0.004522184821181218,0.371506,0.380491
1,Shi_Asimaki_2018,97,OAK,445.5285393943954,29.8,37.3569,-122.07,582.3603465519978,4134.871244449793,261.4328279092817,0.4988752831150904,3.017919671633333,261.48,0.49831349999999996,3.0175,0.025987076850418584,0.16995414066671166,0.08276347795592869,254.763,0.42137384,2.9355284,268.288,0.59074,3.10005,0.37599550483333344,0.375946,0.004522184821181218,0.371506,0.380491
1,Shi_Asimaki_2018,98,OHW,248.5211856977945,155.0,37.8126,-122.3177,560.0565915236699,4185.24216893761,142.82641763044919,0.1705272516152418,1.6695191475666669,142.862,0.170296,1.66886,0.014900255780555656,0.09058496553740013,0.04588524799671126,140.73,0.155829,1.62387,144.961,0.186546,1.71525,0.37599550483333344,0.375946,0.004522184821181218,0.371506,0.380491
1,Shi_Asimaki_2018,99,OSW,219.5033815120811,12.8,37.6239,-122.1297,576.7993556017221,4164.443370877032,124.64325772854876,0.15103081632654694,1.5159157936000003,124.674,0.150803,1.51514,0.015125532675754776,0.08938979262097949,0.043926970027816044,122.782,0.138152,1.47218,126.533,0.165041,1.55962,0.37599550483333344,0.375946,0.004522184821181218,0.371506,0.380491
1,Shi_Asimaki_2018,100,PA2,207.161583014052,50.0,37.4535,-122.1123,578.5133255922968,4145.552412110613,116.95556978559976,0.1440605723694853,1.456065503466667,116.985,0.143838,1.45518,0.015440272248246045,0.08900772402743176,0.042595039006817395,115.174,0.131838,1.41362,118.766,0.15737,1.49844,0.37599550483333344,0.375946,0.004522184821181218,0.371506,0.380491
1,Shi_Asimaki_2018,101,PAS,296.063897946261,29.8,37.4206,-122.1417,575.946208583583,4141.878234164024,172.57555872733866,0.2138887401336238,1.9555114440666663,172.618,0.213649,1.95506,0.016015769353767105,0.0959002198816572,0.04701376093879744,169.852,0.19441484,1.90873,175.347,0.235274,2.00239,0.37599550483333344,0.375946,0.004522184821181218,0.371506,0.380491
1,Shi_Asimaki_2018,102,PBC,756.7296668303669,19.0,37.772,-122.4771,546.0511563646176,4180.647153980921,426.907337536467,2.611502070347191,5.057890250833334,426.834,2.588025,5.04943,0.04249059022657,0.4191784806650191,0.2752569409392791,409.208,1.7239868,4.78671,445.368,3.9564632,5.33079,0.37599550483333344,0.375946,0.004522184821181218,0.371506,0.380491
1,Shi_Asimaki_2018,103,PCC,883.9229893800239,28.2,37.5422,-122.3189,560.1689512761081,4155.2410625136,492.2377944992749,4.286762150236318,5.653635309966666,492.057,4.2278,5.63948,0.045435303934787875,0.5021828272570004,0.35352216579399254,470.461,2.6069,5.30517,514.99632,7.0407132,6.00291,0.37599550483333344,0.375946,0.004522184821181218,0.371506,0.380491
1,Shi_Asimaki_2018,104,PGC,592.2329049784757,54.6,37.7912,-122.458,547.7209360760286,4182.786953857148,341.2879949925674,1.1648389130728178,4.070348730099999,341.322,1.16065,4.0674,0.035776881137147394,0.2907487314500948,0.16944298223149992,329.33884,0.8728018399999999,3.90251,353.647,1.55498,4.23826,0.37599550483333344,0.375946,0.004522184821181218,0.371506,0.380491
1,Shi_Asimaki_2018,105,PIE,402.5471230226768,27.8,37.4614,-122.3425,558.1467119357142,4146.261899106944,236.78730324098385,0.3866479275637842,2.699324022866666,236.84,0.38626550000000004,2.6992,0.022709964225107702,0.14004026981447476,0.06440219326489532,231.496,0.33644668,2.6350984,242.194,0.444392,2.76332,0.37599550483333344,0.375946,0.004522184821181218,0.371506,0.380491
1,Shi_Asimaki_2018,106,PKY,315.82090960558594,28.9,37.5428,-121.9722,590.7967055174696,4155.585978849586,184.8020066153253,0.23700179741092603,2.0847853902,184.848,0.236734,2.08432,0.016928800129176965,0.10033419494138344,0.04769461713308975,181.721,0.21449,2.03731,187.934,0.26180916000000004,2.13232,0.37599550483333344,0.375946,0.004522184821181218,0.371506,0.380491
1,Shi_Asimaki_2018,107,PMI,545.1004698839864,16.0,37.4047,-122.1653,573.8735501686526,4140.095473500991,316.18433271554784,0.895147607856036,3.7448990068000003,316.234,0.893065,3.74298,0.033011439788145996,0.2510109665163921,0.13956585943508648,305.955,0.6972738399999999,3.6065384,326.73516,1.14887,3.88328,0.37599550483333344,0.375946,0.004522184821181218,0.371506,0.380491
1,Shi_Asimaki_2018,108,PMQ,864.0500173671414,230.0,37.3205,-122.1104,578.8204967665745,4130.798436888023,482.05069763535835,3.9952834742453214,5.569629066333333,481.888,3.94295,5.556315,0.04506265130687303,0.49017265263643145,0.34163135092582747,460.883,2.45832,5.2330184,504.16132,6.487256400000001,5.9075316,0.37599550483333344,0.375946,0.004522184821181218,0.371506,0.380491
1,Shi_Asimaki_2018,109,PPP,198.66768370742608,60.0,37.841,-122.2954,561.995714245024,4188.407740199037,111.69155314448447,0.13967532071277136,1.4168850094999998,111.72,0.139457,1.41593,0.015729938849687458,0.08873578613052975,0.041488678691044036,109.958,0.127873,1.37556,113.454,0.152539,1.45815,0.37599550483333344,0.375946,0.004522184821181218,0.371506,0.380491
1,Shi_Asimaki_2018,110,PUR,297.27562806692924,29.0,37.46,-122.4186,551.417621451954,4146.06232107886,173.32856975425858,0.2152114817312968,1.9632829614333336,173.371,0.214976,1.96283,0.01606520335596002,0.09612707015551457,0.047041546932310066,170.585,0.195571,1.91649,176.12016,0.236778,2.01019,0.37599550483333344,0.375946,0.004522184821181218,0.371506,0.380491
1,Shi_Asimaki_2018,111,PUT,436.2853491798522,30.0,37.4864,-122.3144,560.6116027550161,4149.053221647221,256.1922933281826,0.4721693563685371,2.949219771399999,256.242,0.4716805,2.94885,0.02528259485059729,0.1631177726092316,0.07836051557868602,249.824,0.401585,2.87116,262.729,0.55528616,3.02695,0.37599550483333344,0.375946,0.004522184821181218,0.371506,0.380491
1,Shi_Asimaki_2018,112,PWT,448.5565927822447,28.1,37.4775,-122.3217,559.973339736986,4148.061142080023,263.14287936221643,0.507951728876241,3.0404234777333334,263.191,0.507355,3.03997,0.026217038996094892,0.17223354414537803,0.08425186089537087,256.37084,0.428069,2.9566,270.102,0.602826,3.1240516,0.37599550483333344,0.375946,0.004522184821181218,0.371506,0.380491
1,Shi_Asimaki_2018,113,QTR,359.83090843713853,29.8,37.7647,-122.4969,544.3117391785443,4179.827664376,211.5574634952267,0.3019239581440157,2.3891987095,211.61,0.301617,2.38894,0.019608505251131045,0.11641581144002362,0.052662839978703614,207.474,0.268874,2.33667,215.71815999999998,0.338955,2.44167,0.37599550483333344,0.375946,0.004522184821181218,0.371506,0.380491
1,Shi_Asimaki_2018,114,RP1,142.36290234124834,16.0,37.5072,-122.136,576.3624464996858,4151.4907018621925,77.66980963188178,0.11785501630687577,1.201203029466667,77.695,0.117588,1.19984,0.018929775087033227,0.08578312193007899,0.030411606888935343,76.2191,0.108221,1.17096,79.147,0.128342,1.23137,0.37599550483333344,0.375946,0.004522184821181218,0.371506,0.380491
1,Shi_Asimaki_2018,115,SAW,646.6621033982927,26.6,37.5711,-122.4169,551.4915733563187,4158.389176971194,369.8728889387051,1.5531352016504876,4.42419186,369.88,1.545055,4.419705,0.03847028944761814,0.33552825343744197,0.20458356774117517,355.969,1.11368,4.2218184,384.308,2.1671816,4.627,0.37599550483333344,0.375946,0.004522184821181218,0.371506,0.380491
1,Shi_Asimaki_2018,116,SBM,924.729422560321,28.0,37.7006,-122.432,550.0711543389988,4172.748594252457,513.1412373920737,4.9163050367718695,5.816388321933332,512.9175,4.840669999999999,5.80055,0.046122377358658984,0.5257881647482195,0.37747905099920215,490.124,2.9216484,5.4441868,537.225,8.260706,6.1892416,0.37599550483333344,0.375946,0.004522184821181218,0.371506,0.380491
1,Shi_Asimaki_2018,117,SCA,267.5897838860358,60.0,37.4028,-122.0248,586.3107123029249,4140.003990883898,154.79195147097442,0.1860398727320348,1.7795187635,154.831,0.185808,1.778965,0.015140793809362566,0.09200316946327214,0.04648349199292278,152.483,0.169777,1.73331,157.14,0.203797,1.82594,0.37599550483333344,0.375946,0.004522184821181218,0.371506,0.380491
1,Shi_Asimaki_2018,118,SCF,292.48299818092227,28.3,37.2967,-121.8514,601.8012779856666,4128.405441154402,170.34812752206423,0.2100488300591893,1.9326722286666667,170.39,0.2098135,1.93221,0.015875085194425147,0.09526196909767087,0.04693821900431637,167.683,0.191053,1.88595,173.061,0.23088816,1.97956,0.37599550483333344,0.375946,0.004522184821181218,0.371506,0.380491
1,Shi_Asimaki_2018,119,SCQ,985.0267983220098,29.5,37.2967,-122.0817,581.3890888446185,4128.182322375144,544.0024466875265,5.915397283640592,6.034443936233333,543.726,5.8120449999999995,6.015835,0.04697784492752214,0.5581967923333664,0.41165109005222245,519.146,3.4044852,5.6286568,570.0081600000001,10.264116,6.4408,0.37599550483333344,0.375946,0.004522184821181218,0.371506,0.380491
1,Shi_Asimaki_2018,120,SFO,224.60684656769607,145.0,37.6221,-122.3981,553.1154868588204,4164.057893634888,127.83282843927226,0.1541319547492906,1.5416482869666666,127.866,0.1539,1.54091,0.015033192169479622,0.08955582373995831,0.044385235788036624,125.937,0.140968,1.49746,129.76,0.168462,1.58582,0.37599550483333344,0.375946,0.004522184821181218,0.371506,0.380491
1,Shi_Asimaki_2018,121,SFS,399.8033369005921,47.6,37.5969,-121.8802,598.8527826322119,4161.681173158524,235.18928603575398,0.38046209881299564,2.6791289555,235.242,0.380074,2.67902,0.022503033689962544,0.13831566722083835,0.06343458678829784,229.982,0.33163684,2.6159,240.51116,0.43652116,2.7421816,0.37599550483333344,0.375946,0.004522184821181218,0.371506,0.380491
1,Shi_Asimaki_2018,122,SIM,602.0981745751486,30.0,37.4103,-122.307,561.3279152344242,4140.615188100861,346.4966313024452,1.2289004608988072,4.136336401200001,346.527,1.22426,4.13314,0.03630419723567997,0.29898552641859055,0.17578501842634253,334.185,0.91358084,3.96224,359.238,1.6538316,4.31058,0.37599550483333344,0.375946,0.004522184821181218,0.371506,0.380491
1,Shi_Asimaki_2018,123,SKL,274.4028399085279,28.0,37.6855,-122.4875,545.1877660710835,4171.045075806694,159.05979412809052,0.19216488046798014,1.8204133129666664,159.1,0.191941,1.8199,0.015296961590167394,0.09271056682181428,0.04661981866877751,156.66,0.17524,1.77402,161.497,0.21066316,1.86698,0.37599550483333344,0.375946,0.004522184821181218,0.371506,0.380491
1,Shi_Asimaki_2018,124,SLAC,424.4162145548774,60.0,37.4196,-122.2008,570.717624760483,4141.721322203514,249.41618103087725,0.4400102968762309,2.8610719142666667,249.466,0.439643,2.86079,0.024375084871778148,0.15463641961173022,0.07304534369408995,243.434,0.37744884,2.78832,255.546,0.5131334799999999,2.93363,0.37599550483333344,0.375946,0.004522184821181218,0.371506,0.380491
1,Shi_Asimaki_2018,125,SPA,364.9608908593254,27.7,37.7831,-122.3875,553.9341224836687,4181.9265853860325,214.6271420317345,0.3108675825514446,2.425846456900001,214.679,0.310542,2.42564,0.019962639591625995,0.11886016117041664,0.05368726193380076,210.409,0.27618284,2.37224,218.928,0.34985616,2.47933,0.37599550483333344,0.375946,0.004522184821181218,0.371506,0.380491
1,Shi_Asimaki_2018,126,SPK,317.0399895706723,60.0,37.8065,-122.2629,564.8855335794655,4184.602001444506,185.5525432313659,0.23854023511384614,2.0929317223000004,185.598,0.23827749999999998,2.09245,0.01699210042052767,0.10066157288000965,0.04775774094833945,182.448,0.215809,2.0454084,188.709,0.26360816000000004,2.14055,0.37599550483333344,0.375946,0.004522184821181218,0.371506,0.380491
1,Shi_Asimaki_2018,127,SVR,434.1125030199096,29.2,37.5708,-122.4481,548.7365805022889,4158.339253220386,254.95579570147447,0.46610568104173056,2.9330735979666667,255.007,0.4656405,2.93272,0.02511659653019246,0.16153897374276968,0.0773578524088532,248.659,0.39705384,2.85599,261.417,0.54730816,3.00985,0.37599550483333344,0.375946,0.004522184821181218,0.371506,0.380491
1,Shi_Asimaki_2018,128,TRI,172.07711038189322,100.0,37.8256,-122.3729,555.1881123672391,4186.650483479644,95.4066390987917,0.1279129576134756,1.3052763925666668,95.4324,0.12767050000000002,1.30408,0.01699062451565152,0.08765348483032814,0.03702341431177567,93.8091,0.11723384,1.26836,97.0323,0.139571,1.34211,0.37599550483333344,0.375946,0.004522184821181218,0.371506,0.380491
1,Shi_Asimaki_2018,129,TWP,1032.1859823635446,30.4,37.7503,-122.4478,548.6458004409332,4178.254392948036,568.1226147075215,6.7458075580779,6.187931149700001,567.807,6.6182,6.16747,0.047541593737080085,0.5816260662117152,0.43727643606762456,541.858,3.7949284,5.7568584,595.62,11.975816,6.6189716,0.37599550483333344,0.375946,0.004522184821181218,0.371506,0.380491
1,Shi_Asimaki_2018,130,VAH,351.0045933586455,147.4,37.4042,-122.1402,576.0955275350954,4140.059957070134,206.25103006277618,0.2872529655764766,2.3266362248,206.299,0.286967,2.32635,0.019015820257757166,0.11248328067242312,0.05114149336677932,202.388,0.256804,2.27565,210.186,0.321241,2.37756,0.37599550483333344,0.375946,0.004522184821181218,0.371506,0.380491
1,Shi_Asimaki_2018,131,VIS,612.7957160576717,28.9,37.4933,-122.2967,562.1707015845717,4149.830282595718,352.12963063662943,1.3014739614507778,4.206988563466668,352.16,1.29619,4.20344,0.03685608119236627,0.30786472454936703,0.18268137741064785,339.435,0.959134,4.02603,365.278,1.7669216,4.3881832,0.37599550483333344,0.375946,0.004522184821181218,0.371506,0.380491
1,Shi_Asimaki_2018,132,VTG,379.2051602850564,30.0,37.6972,-122.4561,547.9488296409645,4172.358765301681,223.09393880130688,0.33739111858018855,2.5285691621999997,223.145,0.33705,2.52836,0.020976926713561043,0.1262353006874612,0.05708742134706221,218.486,0.297612,2.47158,227.795,0.38250216000000004,2.58543,0.37599550483333344,0.375946,0.004522184821181218,0.371506,0.380491
1,Shi_Asimaki_2018,133,WDS,453.19544723872167,41.8,37.4285,-122.2551,565.9049854110847,4142.669376908905,265.75629699569896,0.5221776084021935,3.074888254133334,265.807,0.5215755,3.07444,0.026568300853729385,0.17576084888784466,0.08657320815456751,258.822,0.43853136,2.9887984,272.87615999999997,0.621819,3.16075,0.37599550483333344,0.375946,0.004522184821181218,0.371506,0.380491
1,Shi_Asimaki_2018,134,WIL,250.89708438878927,99.5,37.3162,-121.9022,597.2735587429235,4130.515366587723,144.31797853310954,0.17233543219795294,1.6828516485666667,144.353,0.172101,1.68218,0.014913841954986311,0.09072434123502743,0.04598335929912385,142.198,0.157468,1.6371,146.477,0.18854216,1.72868,0.37599550483333344,0.375946,0.004522184821181218,0.371506,0.380491
1,Shi_Asimaki_2018,135,WML,284.9243865417727,29.8,37.7722,-122.5092,543.224014617406,4180.654025149746,165.6367227007268,0.2022738145871942,1.8851047927333333,165.677,0.202037,1.88465,0.015605704600615423,0.09406545074892916,0.04680068272116672,163.089,0.184217,1.83853,168.228,0.22207116,1.93192,0.37599550483333344,0.375946,0.004522184821181218,0.371506,0.380491
1,Shi_Asimaki_2018,136,WMO,336.893485743371,27.5,37.6839,-122.4886,545.0917456535672,4170.8670304052575,197.7034745785377,0.26558631240709746,2.2280668331333326,197.749,0.265318,2.22767,0.01811964550208501,0.1069311943537958,0.049303425023215774,194.177,0.238767,2.179,201.294,0.295334,2.27725,0.37599550483333344,0.375946,0.004522184821181218,0.371506,0.380491
1,Shi_Asimaki_2018,137,YB,571.4929105955542,23.5,37.8088,-122.3609,556.2569352890179,4184.793674137617,330.2894492336214,1.0389095840149853,3.9291285100666675,330.327,1.03586,3.92661,0.03461014295848268,0.2733150124726899,0.15619038611796213,319.091,0.79178168,3.7743683999999997,341.859,1.36306,4.08409,0.37599550483333344,0.375946,0.004522184821181218,0.371506,0.380491
3,VSPDB,1,101_280 11,217.5705521472393,89.5,37.341,-121.851,601.7769702456501,4133.3207444257,123.43672306416045,0.14989049833900805,1.5063186702333335,123.468,0.149663,1.50552,0.015166316913704393,0.08932897325951052,0.04373952348941634,121.589,0.137124,1.46277,125.314,0.163782,1.54985,0.37599550483333344,0.375946,0.004522184821181218,0.371506,0.380491
3,VSPDB,2,ABFI 2126,165.2854375547126,10.97,37.723,-122.237,567.2410553670886,4175.3559636274695,91.30492394159742,0.12534638801901812,1.2795352962333335,91.3304,0.1251,1.27827,0.01739005327205079,0.08729422511563938,0.035650368844500006,89.7402,0.114929,1.24401,92.8978,0.13672516,1.31501,0.37599550483333344,0.375946,0.004522184821181218,0.371506,0.380491
3,VSPDB,3,Agnews_East 81,277.438552355967,29.8,37.411,-121.927,594.9564698289873,4141.00773683047,160.95933606974964,0.19499889677694948,1.838890589933333,160.999,0.194777,1.83838,0.015377818103386563,0.09306698435741537,0.04667381325751518,158.518,0.177759,1.79245,163.43815999999998,0.213852,1.88552,0.37599550483333344,0.375946,0.004522184821181218,0.371506,0.380491
3,VSPDB,4,Antioch_Bridge_Investigation 2133,154.57529713981756,67.5,38.023,-121.752,609.538945878123,4209.101833053137,84.89238960021378,0.12162923013161371,1.2412843504,84.9177,0.121374,1.23997,0.01807533300800426,0.08664627463043169,0.033311256155999565,83.3787,0.111589,1.20811,86.4324,0.132581,1.27439,0.37599550483333344,0.375946,0.004522184821181218,0.371506,0.380491
3,VSPDB,5,Antioch_Bridge_Investigation 2135,272.0320756977783,70.5,38.026,-121.752,609.5344787917198,4209.434709912627,157.57538238648937,0.18999701086729612,1.8060920226666668,157.615,0.189771,1.80557,0.015238596633751853,0.09245035759019579,0.04657521300426817,155.207,0.173307,1.75976,159.98,0.208226,1.85262,0.37599550483333344,0.375946,0.004522184821181218,0.371506,0.380491
3,VSPDB,6,Antioch_Bridge_Investigation 2137,116.34140311141044,75.5,38.037,-121.752,609.5180968973826,4210.65525978543,62.621684827038735,0.11131090601468793,1.128475990766667,62.6483,0.111036,1.12705,0.020946163178343018,0.08353794142624765,0.02361315842427549,61.3307,0.102457,1.10507,63.9384,0.12094916,1.15182,0.37599550483333344,0.375946,0.004522184821181218,0.371506,0.380491
3,VSPDB,7,Antioch_Bridge_Investigation 2139,135.48567820815538,35.0,38.041,-121.752,609.512138840745,4211.099096643623,73.64674014358437,0.11593471631713144,1.1803017620666667,73.6729,0.115667,1.17891,0.019440299548853027,0.08524029992151604,0.028685032540672756,72.23608399999999,0.106517,1.1518,75.085016,0.126187,1.20877,0.37599550483333344,0.375946,0.004522184821181218,0.371506,0.380491
3,VSPDB,8,Antioch_Toll_Bridge 2141,1049.9966203276028,93.0,38.017,-121.752,609.547879147042,4208.436079820831,577.2288688437176,7.068987903085358,6.242306003266667,576.893,6.92981,6.22108,0.047734816680853234,0.590063226833505,0.4466910650918788,550.438,3.9454667999999997,5.80183,605.285,12.652616,6.6825716,0.37599550483333344,0.375946,0.004522184821181218,0.371506,0.380491
3,VSPDB,9,Antioch_Toll_Bridge 2142,666.163475965613,84.5,38.018,-121.752,609.546390352585,4208.547038647819,380.03792612656275,1.713550847871462,4.544632998400001,380.035,1.7036850000000001,4.53937,0.03931211967222475,0.3510940859733924,0.21720228163410155,365.45284,1.2099984,4.33003,395.21116,2.4281416,4.7599416,0.37599550483333344,0.375946,0.004522184821181218,0.371506,0.380491
3,VSPDB,10,Antioch_Toll_Bridge 2143,658.6149114832766,83.0,38.018,-121.752,609.546390352585,4208.547038647819,376.1072255979342,1.650093203617844,4.498422631,376.107,1.640935,4.49339,0.03899358337759522,0.34510329366153536,0.21231944985992346,361.785,1.1721683999999999,4.28864,390.996,2.3241316,4.70878,0.37599550483333344,0.375946,0.004522184821181218,0.371506,0.380491
3,VSPDB,11,Antioch_Toll_Bridge 2144,314.436213670035,77.0,38.019,-121.752,609.5449015246489,4208.6579974928345,183.94892231516798,0.23527077210943337,2.0755550796666666,183.994,0.2350085,2.07506,0.01685782242518583,0.09997020974466142,0.04762654995820294,180.895,0.213007,2.02815,187.054,0.259809,2.12304,0.37599550483333344,0.375946,0.004522184821181218,0.371506,0.380491
3,VSPDB,12,Antioch_Toll_Bridge 2145,133.8096157559374,99.5,38.03,-121.751,609.6162888290218,4209.879724390439,72.67122457336089,0.11548820166363737,1.1753907736666664,72.6976,0.115219,1.17398,0.019567525108449568,0.08510210409121498,0.028255336450558746,71.2706,0.106123,1.14732,74.0995,0.12568316,1.20342,0.37599550483333344,0.375946,0.004522184821181218,0.371506,0.380491
3,VSPDB,13,Antioch_Toll_Bridge 2146,266.8345610307075,99.5,38.032,-121.752,609.5255437150861,4210.100464118303,154.3185207674317,0.1853805291963574,1.7750355436666667,154.356,0.185146,1.77447,0.01512568700801115,0.09193214601240099,0.04646662485585919,152.019,0.169192,1.72886,156.657,0.20305916,1.82143,0.37599550483333344,0.375946,0.004522184821181218,0.371506,0.380491
3,VSPDB,14,Antioch_Toll_Bridge 2147,238.25328010722396,99.5,38.033,-121.752,609.5240544184894,4210.211423215676,136.3823079584474,0.16309625652943452,1.6131805930666665,136.417,0.162875,1.61251,0.01489684502174708,0.09007346637563031,0.04536300337148366,134.381,0.149101,1.56802,138.422,0.178343,1.65836,0.37599550483333344,0.375946,0.004522184821181218,0.371506,0.380491
3,VSPDB,15,Antioch_Toll_Bridge 2148,198.32673034063865,99.5,38.033,-121.752,609.5240544184894,4210.211423215676,111.48078456061893,0.13950599314026793,1.4153471761666665,111.509,0.139288,1.41439,0.01574277091309411,0.08872440282382242,0.04144099767068009,109.749,0.12772,1.37406,113.241,0.152355,1.45657,0.37599550483333344,0.375946,0.004522184821181218,0.371506,0.380491
3,VSPDB,18,Antioch_Toll_Bridge 2151,115.3415800060262,99.5,38.035,-121.752,609.5210757248792,4210.433341464496,62.05298882499874,0.11109710161751843,1.126026066633333,62.0798,0.110823,1.1246,0.02102738631511956,0.08344232246444556,0.023340433715717365,60.7691,0.102272,1.10289,63.362716,0.120704,1.14909,0.37599550483333344,0.375946,0.004522184821181218,0.371506,0.380491
3,VSPDB,19,Antioch_Toll_Bridge 2152,170.93779742444627,99.5,38.036,-121.752,609.5195863278666,4210.544300615949,94.71674950412547,0.12747068239595702,1.3008784349666667,94.7429,0.127227,1.29967,0.017055608302742865,0.08759592265691592,0.0367993329340988,93.1246,0.116836,1.2642,96.337416,0.139079,1.33748,0.37599550483333344,0.375946,0.004522184821181218,0.371506,0.380491
3,VSPDB,20,Antioch_Toll_Bridge 2153,166.1030177409202,99.5,38.036,-121.752,609.5195863278666,4210.544300615949,91.79728489822217,0.1256465429979273,1.2825733049666663,91.82225,0.125401,1.28131,0.017340463256591384,0.08733954755644978,0.03582035030951779,90.228884,0.115199,1.24688,93.3941,0.13705716,1.3182,0.37599550483333344,0.375946,0.004522184821181218,0.371506,0.380491
3,VSPDB,21,Antioch_Toll_Bridge 2154,131.321132279985,94.5,38.038,-121.752,609.5166074334281,4210.766218972936,71.22647345090792,0.11484044773432935,1.1682316408666669,71.2529,0.114566,1.16682,0.01975829185114826,0.08489281085016526,0.027611476730682653,69.8403,0.10554984,1.14082,72.64,0.124958,1.19561,0.37599550483333344,0.375946,0.004522184821181218,0.371506,0.380491
3,VSPDB,22,Antioch_Toll_Bridge 2155,133.4362001878438,39.5,38.038,-121.752,609.5166074334281,4210.766218972936,72.45415292713021,0.11538984698780004,1.1743064069666667,72.4806,0.11512,1.1729,0.019596011163619115,0.08507100054539195,0.02815916832093974,71.0556,0.106034,1.14634,73.8802,0.125574,1.20224,0.37599550483333344,0.375946,0.004522184821181218,0.371506,0.380491
3,VSPDB,23,Antioch_Toll_Bridge 2156,131.8331079775932,94.5,38.038,-121.752,609.5166074334281,4210.766218972936,71.52335974814156,0.11497224310921099,1.169691634,71.5497,0.1147,1.16828,0.01971886492520663,0.08493625714321028,0.027744507819381706,70.1339,0.105665,1.14214,72.94,0.125106,1.19721,0.37599550483333344,0.375946,0.004522184821181218,0.371506,0.380491
3,VSPDB,24,Antioch_Toll_Bridge 2158,144.25745150540973,87.5,38.039,-121.752,609.5151179360034,4210.877178178472,78.78377115236049,0.11840945242660109,1.2071727150000002,78.8088,0.118146,1.20581,0.018792626972061806,0.0859256140649997,0.0308761242693596,77.3234,0.108714,1.17646,80.2711,0.128972,1.2378,0.37599550483333344,0.375946,0.004522184821181218,0.371506,0.380491
3,VSPDB,25,Antioch_Toll_Bridge 2159,311.1680867331755,99.5,38.039,-121.751,609.6028738118935,4210.87835668362,181.93307706492962,0.23125367993196594,2.0538673636999993,181.979,0.230981,2.05339,0.016694246500100263,0.099143976939722,0.047480453271030294,178.941,0.20952684,2.00663,184.974,0.25517616000000004,2.10121,0.37599550483333344,0.375946,0.004522184821181218,0.371506,0.380491
3,VSPDB,26,Antioch_Toll_Bridge 2160,290.20948876032924,99.5,38.04,-121.751,609.6013830869456,4210.989315917435,168.9323446970335,0.20766365705816284,1.918271854266667,168.973,0.2074225,1.91781,0.015790053532379035,0.09488105089729577,0.046894406735654176,166.303,0.188954,1.87159,171.608,0.22817516,1.96512,0.37599550483333344,0.375946,0.004522184821181218,0.371506,0.380491
3,VSPDB,27,Antioch_Toll_Bridge 2161,354.61916579083885,99.5,38.041,-121.752,609.512138840745,4211.099096643623,208.42791728527146,0.2931535040403109,2.3521783861,208.478,0.292851,2.35191,0.019255837854265875,0.11405150420916767,0.0517282835343817,204.475,0.26166084,2.3006,212.45316,0.328331,2.4037316,0.37599550483333344,0.375946,0.004522184821181218,0.371506,0.380491
3,VSPDB,28,Antioch_Toll_Bridge 2162,478.6434328950211,99.5,38.042,-121.752,609.5106492429122,4211.210055903241,279.96345678252413,0.6074507201731705,3.2634153346666666,280.01,0.6066,3.26273,0.028464027535347432,0.19576212478742783,0.10008745488615138,272.139,0.500021,3.1639,288.001,0.737923,3.36272,0.37599550483333344,0.375946,0.004522184821181218,0.371506,0.380491
3,VSPDB,29,BBTP 2165,160.5726399456119,10.36,37.823,-122.319,559.933753507126,4186.3952205050855,88.4745430319607,0.12366209647552835,1.2623488980666664,88.5002,0.123415,1.26105,0.01768361168064381,0.08702161944510506,0.034646353472919646,86.9326,0.113415,1.22785,90.044216,0.134849,1.2968,0.37599550483333344,0.375946,0.004522184821181218,0.371506,0.380491
3,VSPDB,30,BBTP 2167,197.9708066435808,13.0,37.823,-122.319,559.933753507126,4186.3952205050855,111.26080973679984,0.13932977363055973,1.413744718533333,111.289,0.139114,1.41278,0.015756266342183245,0.08871248389378075,0.041390958958318236,109.531,0.127557,1.37252,113.019,0.152161,1.45492,0.37599550483333344,0.375946,0.004522184821181218,0.371506,0.380491
3,VSPDB,31,Bacon_Island 2168,712.366078743739,147.6,37.958,-121.533,628.8755647958212,4202.169978965528,404.00552738444713,2.1400136107463963,4.8160068984,403.9735,2.12423,4.809395,0.04107305416045304,0.3867359629576734,0.24697714095466683,387.81084,1.45857,4.5724484,420.884,3.1411016,5.06102,0.37599550483333344,0.375946,0.004522184821181218,0.371506,0.380491
3,VSPDB,32,Berkeley_Downhole_Project_St_Mary_College 2172,575.7436858166116,147.4,37.839,-122.11,578.3109319578173,4188.325105990411,332.5493552289518,1.0637697778110329,3.958338915866667,332.586,1.06046,3.95572,0.03485571869044046,0.27689844572780453,0.15889574379181945,321.195,0.80786784,3.8009,344.279,1.4004616,4.1159116000000004,0.37599550483333344,0.375946,0.004522184821181218,0.371506,0.380491
3,VSPDB,33,Bethany_Dam 2174,1751.672104322827,124.09,37.782,-121.614,622.0494354873306,4182.5324254909465,934.4707666259976,20.645185946786174,7.414057578799998,933.58,19.7962,7.365605,0.051979306967021056,0.7999096147023388,0.7056839184043864,887.299,9.4179484,6.7220568,983.891,45.297864000000004,8.10539,0.37599550483333344,0.375946,0.004522184821181218,0.371506,0.380491
3,VSPDB,34,Bethany_Dam 2176,1636.6950627610831,121.97,37.782,-121.614,622.0494354873306,4182.5324254909465,876.1714080701898,18.539391984216515,7.306223263766666,875.353,17.8293,7.261755,0.05146575658499804,0.777200182735547,0.6762450141169808,832.367,8.645625200000001,6.6424084,922.039,39.805732,7.9694032,0.37599550483333344,0.375946,0.004522184821181218,0.371506,0.380491
3,VSPDB,35,Burrell_Field_and_Sports_Complex 1362,685.437597022288,58.0,37.709,-122.163,573.7764631888803,4173.858384334224,390.05397872999487,1.8834692703294766,4.660248775633334,390.044,1.871195,4.65436,0.040085055271629276,0.3661828292354636,0.22965187200911258,374.787,1.3103884,4.4336084,405.94316,2.70915,4.88819,0.37599550483333344,0.375946,0.004522184821181218,0.371506,0.380491
3,VSPDB,36,Cedar_Grove_Elementary_School 1363,883.0800083883088,100.0,37.332,-121.793,606.9274943706816,4132.3863103807535,491.80577591541794,4.274190637497403,5.6501363926,491.624,4.215565,5.636,0.04542003610438664,0.5016803273961434,0.3530206565752057,470.05484,2.60032,5.30215,514.539,7.0167228,5.999,0.37599550483333344,0.375946,0.004522184821181218,0.371506,0.380491
3,VSPDB,37,Clifton_Court 2186,333.7131129574148,301.8,37.827,-121.56,626.7279180830205,4187.597363347114,195.76651631406205,0.26099236900137923,2.2061237976666663,195.811,0.2607155,2.20571,0.01792767949066581,0.10580612695874514,0.04898140677230363,192.31184000000002,0.23489884,2.15739,199.283,0.28990316000000005,2.25499,0.37599550483333344,0.375946,0.004522184821181218,0.371506,0.380491
3,VSPDB,38,Clifton_Court 2188,395.8409902685427,298.8,37.827,-121.56,626.7279180830205,4187.597363347114,232.87614092819794,0.37172031784757315,2.6500156727000004,232.93,0.37135050000000003,2.6499,0.02220542903703024,0.13587090963629406,0.062086451120639936,227.784,0.324801,2.58804,238.073,0.42543948000000004,2.71178,0.37599550483333344,0.375946,0.004522184821181218,0.371506,0.380491
3,VSPDB,39,Coyote_Creek 17,267.0,184.5,37.337,-121.87,600.0992247735364,4132.85665716419,154.42223601313387,0.1855246360144923,1.7760167744333335,154.46,0.185289,1.77545,0.015128956707250285,0.0919475812682712,0.04647034586065485,152.12,0.169318,1.72983,156.763,0.203221,1.82241,0.37599550483333344,0.375946,0.004522184821181218,0.371506,0.380491
3,VSPDB,40,Hamilton_Air_Force_Base 91,107.587346653389,25.4,38.06,-122.495,544.3016412257115,4212.592540400386,57.666135929892235,0.10952727541755729,1.1078866036666668,57.6939,0.109248,1.10649,0.02166273155980582,0.08268259937672,0.02120995476513046,56.4377,0.100901,1.08688,58.92,0.1189,1.12883,0.37599550483333344,0.375946,0.004522184821181218,0.371506,0.380491
3,VSPDB,41,High_Street_Overcrossing 2211,265.16591942662825,57.4,37.768,-122.22,568.6976308437731,4180.3610516022345,153.2722839819407,0.18393734199575587,1.7651659468333334,153.31,0.183704,1.76458,0.015093899952994112,0.0917801104815813,0.046427784076398665,150.994,0.167902,1.71904,155.59,0.201435,1.8115216,0.37599550483333344,0.375946,0.004522184821181218,0.371506,0.380491
3,VSPDB,42,Lawrence_Expressway 2229,250.9119021500193,55.5,37.391,-121.996,588.8736770839506,4138.721582256461,144.3272810287004,0.17234681681665356,1.6829351386666669,144.363,0.172113,1.68227,0.014913955371329985,0.09072524319978621,0.04598393495152167,142.207,0.157478,1.63718,146.487,0.188556,1.72877,0.37599550483333344,0.375946,0.004522184821181218,0.371506,0.380491
3,VSPDB,43,Montezuma_Slough 2245,266.4033618234521,50.9,38.092,-121.885,597.77308611842,4216.609647226481,154.04818492133268,0.1850058000744528,1.7724803564666665,154.086,0.1847725,1.77191,0.015117259033458721,0.09189221267973148,0.04645678180831646,151.754,0.168854,1.72631,156.381,0.202641,1.81886,0.37599550483333344,0.375946,0.004522184821181218,0.371506,0.380491
3,VSPDB,45,Montezuma_Slough 2250,222.97694236025905,37.6,38.092,-121.885,597.77308611842,4216.609647226481,126.81360468488926,0.15312714801052857,1.5333686034333336,126.846,0.1529,1.53263,0.015060247726711856,0.08950174549038899,0.04424459672322877,124.929,0.14005,1.48932,128.729,0.167354,1.57739,0.37599550483333344,0.375946,0.004522184821181218,0.371506,0.380491
3,VSPDB,46,North_San_Joaquin_Middle_River_Barrier 2307,333.57721161328874,74.0,37.886,-121.482,633.4862721899034,4194.252648803621,195.68366342901683,0.2607983574853332,2.2051885262999997,195.728,0.2605225,2.20477,0.017919561959741093,0.10575908565444407,0.048968346032918456,192.232,0.234736,2.15647,199.19616,0.289672,2.25403,0.37599550483333344,0.375946,0.004522184821181218,0.371506,0.380491
3,VSPDB,47,North_San_Joaquin_Middle_River_Barrier 2308,380.0776789524422,94.0,37.885,-121.482,633.4880778883041,4194.141689222081,223.60984021707944,0.3390995144320728,2.5349027890666664,223.66,0.338764,2.5347,0.021040332322822746,0.12671418146879945,0.057322363880959064,218.978,0.298976,2.47769,228.33516,0.38460248,2.59196,0.37599550483333344,0.375946,0.004522184821181218,0.371506,0.380491
3,VSPDB,48,POO 2325,179.99922920004877,10.36,37.805,-122.338,558.2757218359952,4184.386094571674,100.22301109747953,0.13112303754179433,1.3367403586,100.249,0.130886,1.33562,0.016562383600144916,0.08802527971679373,0.03850916657743276,98.5849,0.120125,1.29835,101.888,0.143121,1.37503,0.37599550483333344,0.375946,0.004522184821181218,0.371506,0.380491
3,VSPDB,49,POO 2327,191.06223622466783,12.5,37.804,-122.34,558.1004437380655,4184.273899234039,107.00095648884172,0.13601702711249986,1.3832309706666666,107.029,0.135793,1.38221,0.016037660320499816,0.08846997334547141,0.04036515861988716,105.306,0.124549,1.343,108.722,0.14852,1.42338,0.37599550483333344,0.375946,0.004522184821181218,0.371506,0.380491
3,VSPDB,50,POR 2332,123.56910535081778,10.0,37.91,-122.359,556.34708749203,4196.0230760214445,66.75372480515902,0.11293631978405166,1.1469434070333333,66.7795,0.112658,1.14553,0.020365452441258564,0.08421087112192796,0.02556547381212777,65.4151,0.10388,1.12158,68.1186,0.122799,1.17225,0.37599550483333344,0.375946,0.004522184821181218,0.371506,0.380491
3,VSPDB,51,POR 2334,210.49387885027224,10.0,37.91,-122.359,556.34708749203,4196.0230760214445,119.02714195092838,0.14587092570697519,1.4718882494333334,119.057,0.145648,1.47103,0.015342698827298445,0.0891106054185489,0.042986509537593684,117.226,0.133482,1.4290483999999999,120.858,0.159359,1.5146616,0.37599550483333344,0.375946,0.004522184821181218,0.371506,0.380491
3,VSPDB,52,POR 2336,200.11931037749864,9.5,37.91,-122.359,556.34708749203,4196.0230760214445,112.58939159345076,0.14040194437884806,1.4234627415333334,112.618,0.140183,1.42254,0.015676331286000326,0.08878373621598666,0.04168885768609446,110.847,0.128527,1.38194,114.36,0.153342,1.46491,0.37599550483333344,0.375946,0.004522184821181218,0.371506,0.380491
3,VSPDB,53,POR 2339,1518.6956433191922,10.97,37.913,-122.358,556.4327016122193,4196.3565371596405,816.2322900081862,16.28351876067834,7.172061878266665,815.5275,15.7162,7.132194999999999,0.050910231003945136,0.7503367608092778,0.6415420141384945,775.866,7.7882884,6.5418584,858.50216,34.0755,7.80262,0.37599550483333344,0.375946,0.004522184821181218,0.371506,0.380491
3,VSPDB,54,Permanente_Quarry 95,1381.9999999999998,230.0,37.32,-122.111,578.7678561729689,4130.7424651674055,746.6680187618354,13.580001440231658,6.978219697133333,746.037,13.1547,6.943605,0.050203028266029494,0.7136891609510545,0.5947900810896278,710.26484,6.7279824,6.3929984,784.788,27.436248,7.5633064,0.37599550483333344,0.375946,0.004522184821181218,0.371506,0.380491
3,VSPDB,55,Piedmont_Avenue_Elementary_School 1366,643.5940724404584,100.0,37.828,-122.248,566.1779735380804,4186.997897206883,368.2705107611837,1.5289403844602467,4.404930859233333,368.282,1.52124,4.400555,0.038332157601122456,0.33305361924670546,0.2025976069345275,354.477,1.09907,4.2046184,382.587,2.1279,4.60582,0.37599550483333344,0.375946,0.004522184821181218,0.371506,0.380491
3,VSPDB,61,Richmond_San_Rafael_Bridge_Seismic_Retrofit 2395,970.60895894495,34.9,37.941,-122.468,546.7457405119353,4199.402317505496,536.625550778358,5.669648844974659,5.984616574066666,536.359,5.572464999999999,5.96683,0.04678838157433611,0.5507053250492986,0.40362001713883655,512.20984,3.2871068,5.58686,562.168,9.7654776,6.3832632,0.37599550483333344,0.375946,0.004522184821181218,0.371506,0.380491
3,VSPDB,63,Rocketship_Public_School_Sylvandale 1360,745.6238065204923,100.0,37.288,-121.822,604.4191446723415,4127.472282724738,421.182219668326,2.4877857665536705,4.999050297166667,421.122,2.4663950000000003,4.99114,0.04215845678104792,0.41122618524196974,0.2682141608154968,403.854,1.65512,4.73466,439.24616,3.7401332000000003,5.26495,0.37599550483333344,0.375946,0.004522184821181218,0.371506,0.380491
3,VSPDB,64,Rocketship_Public_SchoolStory_Road 1361,842.4659369476312,80.0,37.354,-121.821,604.4164240445916,4134.795794236332,470.9800104264117,3.690603312049024,5.474720151533332,470.838,3.645375,5.4623,0.04462589256980388,0.4767351745855507,0.3285618297983672,450.49184,2.30125,5.1512,492.366,5.9139848,5.79994,0.37599550483333344,0.375946,0.004522184821181218,0.371506,0.380491
3,VSPDB,65,Sandpiper_Elementary_School 1364,249.02692073385128,150.0,37.538,-122.236,567.4963004513539,4154.831369546915,143.14390879741984,0.17090928316193293,1.6723479331999997,143.179,0.1706765,1.67169,0.014902741374902667,0.0906138857209338,0.04590679499054332,141.042,0.156175,1.62667,145.283,0.186969,1.71809,0.37599550483333344,0.375946,0.004522184821181218,0.371506,0.380491
3,VSPDB,66,Sandpiper_Elementary_School 1365,249.02692073385128,150.0,37.538,-122.236,567.4963004513539,4154.831369546915,143.14390879741984,0.17090928316193293,1.6723479331999997,143.179,0.1706765,1.67169,0.014902741374902667,0.0906138857209338,0.04590679499054332,141.042,0.156175,1.62667,145.283,0.186969,1.71809,0.37599550483333344,0.375946,0.004522184821181218,0.371506,0.380491
3,VSPDB,67,Sherman_Island 2403,341.79114455761714,492.1,38.031,-121.745,610.1413911404873,4209.997773830371,200.67886549485928,0.27286530652625746,2.262060997133333,200.723,0.27256749999999996,2.26169,0.018422801089801898,0.10875471841846235,0.04986314527145312,197.038,0.244855,2.21244,204.385,0.30399,2.31173,0.37599550483333344,0.375946,0.004522184821181218,0.371506,0.380491
3,VSPDB,69,Staten_Island 2407,395.4179769907522,295.3,38.12,-121.54,627.9782697665598,4220.136089552795,232.62881340430604,0.37080025854045634,2.646911322066667,232.683,0.3704305,2.64679,0.022173742937576915,0.13561317093482997,0.06194602491241988,227.549,0.32408584,2.58507,237.814,0.424278,2.70854,0.37599550483333344,0.375946,0.004522184821181218,0.371506,0.380491
3,VSPDB,70,Taylor_Street_Overcrossing 2411,208.79216536211703,45.0,37.347,-121.904,597.0744155893414,4133.930618055402,117.96882892961027,0.14493995853498343,1.4637765259666666,117.998,0.144712,1.4629,0.015391385765849369,0.08905819327097204,0.04278958729057765,116.178,0.132637,1.42113,119.79,0.158335,1.50634,0.37599550483333344,0.375946,0.004522184821181218,0.371506,0.380491
3,VSPDB,71,Washington_Hospital_Fremont 1435,745.9635784336451,120.0,37.557,-121.979,590.1788594144516,4157.154897137686,421.35744546744047,2.491514649197118,5.000867327966665,421.297,2.470135,4.99293,0.04216883493248375,0.4114711681355765,0.2684300053992328,404.01884,1.6572284,4.7362484,439.435,3.7466932,5.2669816,0.37599550483333344,0.375946,0.004522184821181218,0.371506,0.380491
3,VSPDB,72,Washington_Hospital_Fremont 1437,756.1772037076562,150.0,37.557,-121.979,590.1788594144516,4157.154897137686,426.62265052383196,2.6052585600725657,5.054990087733332,426.55,2.5818250000000003,5.04655,0.04247440731544687,0.41878558898391355,0.2749072494686581,408.94,1.7205468000000002,4.78415,445.063,3.9456448,5.32752,0.37599550483333344,0.375946,0.004522184821181218,0.371506,0.380491
3,VSPDB,73,Willow_Glen 15,266.32209111982166,99.5,37.316,-121.903,597.2029278169796,4130.492354478413,153.99723198737453,0.1849353128129922,1.771999137233334,154.035,0.184701,1.77143,0.015115690041679864,0.09188473799704969,0.04645492212624233,151.704,0.16878984,1.72584,156.32916,0.20256,1.81837,0.37599550483333344,0.375946,0.004522184821181218,0.371506,0.380491
